/*参数配置表*/
DROP TABLE IF EXISTS `sys_config`;
CREATE TABLE `sys_config` (
  `config_id` int(5) NOT NULL AUTO_INCREMENT COMMENT '参数主键',
  `config_name` varchar(100) DEFAULT '' COMMENT '参数名称',
  `config_key` varchar(100) DEFAULT '' COMMENT '参数键名',
  `config_value` varchar(100) DEFAULT '' COMMENT '参数键值',
  `config_type` char(1) DEFAULT 'N' COMMENT '系统内置（Y是 N否）',
  `create_by` varchar(64) DEFAULT '' COMMENT '创建者',
  `create_time` datetime DEFAULT NULL COMMENT '创建时间',
  `update_by` varchar(64) DEFAULT '' COMMENT '更新者',
  `update_time` datetime DEFAULT NULL COMMENT '更新时间',
  `remark` varchar(500) DEFAULT NULL COMMENT '备注',
  PRIMARY KEY (`config_id`)
) ENGINE=InnoDB AUTO_INCREMENT=100 DEFAULT CHARSET=utf8 COMMENT='参数配置表';

-- ----------------------------
-- Records of sys_config
-- ----------------------------
INSERT INTO `sys_config` VALUES ('1', '主框架页-默认皮肤样式名称', 'sys.index.skinName', 'skin-blue', 'Y', 'admin', '2018-03-16 11:33:00', 'ry', '2018-03-16 11:33:00', '蓝色 skin-blue、绿色 skin-green、紫色 skin-purple、红色 skin-red、黄色 skin-yellow');
INSERT INTO `sys_config` VALUES ('2', '用户管理-账号初始密码', 'sys.user.initPassword', '123456', 'Y', 'admin', '2018-03-16 11:33:00', 'ry', '2018-03-16 11:33:00', '初始化密码 123456');

-- ----------------------------
-- 部门表
-- ----------------------------
DROP TABLE IF EXISTS `sys_dept`;
CREATE TABLE `sys_dept` (
  `dept_id` int(11) NOT NULL AUTO_INCREMENT COMMENT '部门id',
  `parent_id` int(11) DEFAULT '0' COMMENT '父部门id',
  `ancestors` varchar(50) DEFAULT '' COMMENT '祖级列表',
  `dept_name` varchar(30) DEFAULT '' COMMENT '部门名称',
  `order_num` int(4) DEFAULT '0' COMMENT '显示顺序',
  `leader` varchar(20) DEFAULT NULL COMMENT '负责人',
  `phone` varchar(11) DEFAULT NULL COMMENT '联系电话',
  `email` varchar(50) DEFAULT NULL COMMENT '邮箱',
  `status` char(1) DEFAULT '0' COMMENT '部门状态（0正常 1停用）',
  `del_flag` char(1) DEFAULT '0' COMMENT '删除标志（0代表存在 2代表删除）',
  `create_by` varchar(64) DEFAULT '' COMMENT '创建者',
  `create_time` datetime DEFAULT NULL COMMENT '创建时间',
  `update_by` varchar(64) DEFAULT '' COMMENT '更新者',
  `update_time` datetime DEFAULT NULL COMMENT '更新时间',
  PRIMARY KEY (`dept_id`)
) ENGINE=InnoDB AUTO_INCREMENT=200 DEFAULT CHARSET=utf8 COMMENT='部门表';

-- ----------------------------
-- Records of sys_dept
-- ----------------------------
INSERT INTO `sys_dept` VALUES ('100', '0', '0', '若依科技', '0', '若依', '15888888888', 'ry@qq.com', '0', '0', 'admin', '2018-03-16 11:33:00', 'ry', '2018-03-16 11:33:00');
INSERT INTO `sys_dept` VALUES ('101', '100', '0,100', '深圳总公司', '1', '若依', '15888888888', 'ry@qq.com', '0', '0', 'admin', '2018-03-16 11:33:00', 'ry', '2018-03-16 11:33:00');
INSERT INTO `sys_dept` VALUES ('102', '100', '0,100', '长沙分公司', '2', '若依', '15888888888', 'ry@qq.com', '0', '0', 'admin', '2018-03-16 11:33:00', 'ry', '2018-03-16 11:33:00');
INSERT INTO `sys_dept` VALUES ('103', '101', '0,100,101', '研发部门', '1', '若依', '15888888888', 'ry@qq.com', '0', '0', 'admin', '2018-03-16 11:33:00', 'ry', '2018-03-16 11:33:00');
INSERT INTO `sys_dept` VALUES ('104', '101', '0,100,101', '市场部门', '2', '若依', '15888888888', 'ry@qq.com', '0', '0', 'admin', '2018-03-16 11:33:00', 'ry', '2018-03-16 11:33:00');
INSERT INTO `sys_dept` VALUES ('105', '101', '0,100,101', '测试部门', '3', '若依', '15888888888', 'ry@qq.com', '0', '0', 'admin', '2018-03-16 11:33:00', 'ry', '2018-03-16 11:33:00');
INSERT INTO `sys_dept` VALUES ('106', '101', '0,100,101', '财务部门', '4', '若依', '15888888888', 'ry@qq.com', '0', '0', 'admin', '2018-03-16 11:33:00', 'ry', '2018-03-16 11:33:00');
INSERT INTO `sys_dept` VALUES ('107', '101', '0,100,101', '运维部门', '5', '若依', '15888888888', 'ry@qq.com', '0', '0', 'admin', '2018-03-16 11:33:00', 'ry', '2018-03-16 11:33:00');
INSERT INTO `sys_dept` VALUES ('108', '102', '0,100,102', '市场部门', '1', '若依', '15888888888', 'ry@qq.com', '0', '0', 'admin', '2018-03-16 11:33:00', 'ry', '2018-03-16 11:33:00');
INSERT INTO `sys_dept` VALUES ('109', '102', '0,100,102', '财务部门', '2', '若依', '15888888888', 'ry@qq.com', '0', '0', 'admin', '2018-03-16 11:33:00', 'ry', '2018-03-16 11:33:00');


-- ----------------------------
-- 字典数据表
-- ----------------------------
DROP TABLE IF EXISTS `sys_dict_data`;
CREATE TABLE `sys_dict_data` (
  `dict_code` int(11) NOT NULL AUTO_INCREMENT COMMENT '字典编码',
  `dict_sort` int(4) DEFAULT '0' COMMENT '字典排序',
  `dict_label` varchar(100) DEFAULT '' COMMENT '字典标签',
  `dict_value` varchar(100) DEFAULT '' COMMENT '字典键值',
  `dict_type` varchar(100) DEFAULT '' COMMENT '字典类型',
  `css_class` varchar(100) DEFAULT NULL COMMENT '样式属性（其他样式扩展）',
  `list_class` varchar(100) DEFAULT NULL COMMENT '表格回显样式',
  `is_default` char(1) DEFAULT 'N' COMMENT '是否默认（Y是 N否）',
  `status` char(1) DEFAULT '0' COMMENT '状态（0正常 1停用）',
  `create_by` varchar(64) DEFAULT '' COMMENT '创建者',
  `create_time` datetime DEFAULT NULL COMMENT '创建时间',
  `update_by` varchar(64) DEFAULT '' COMMENT '更新者',
  `update_time` datetime DEFAULT NULL COMMENT '更新时间',
  `remark` varchar(500) DEFAULT NULL COMMENT '备注',
  PRIMARY KEY (`dict_code`)
) ENGINE=InnoDB AUTO_INCREMENT=110 DEFAULT CHARSET=utf8 COMMENT='字典数据表';

-- ----------------------------
-- Records of sys_dict_data
-- ----------------------------
INSERT INTO `sys_dict_data` VALUES ('1', '1', '男', '0', 'sys_user_sex', '', '', 'Y', '0', 'admin', '2018-03-16 11:33:00', 'ry', '2018-03-16 11:33:00', '性别男');
INSERT INTO `sys_dict_data` VALUES ('2', '2', '女', '1', 'sys_user_sex', '', '', 'N', '0', 'admin', '2018-03-16 11:33:00', 'ry', '2018-03-16 11:33:00', '性别女');
INSERT INTO `sys_dict_data` VALUES ('3', '3', '未知', '2', 'sys_user_sex', '', '', 'N', '0', 'admin', '2018-03-16 11:33:00', 'ry', '2018-03-16 11:33:00', '性别未知');
INSERT INTO `sys_dict_data` VALUES ('4', '1', '显示', '0', 'sys_show_hide', '', 'primary', 'Y', '0', 'admin', '2018-03-16 11:33:00', 'ry', '2018-03-16 11:33:00', '显示菜单');
INSERT INTO `sys_dict_data` VALUES ('5', '2', '隐藏', '1', 'sys_show_hide', '', 'danger', 'N', '0', 'admin', '2018-03-16 11:33:00', 'ry', '2018-03-16 11:33:00', '隐藏菜单');
INSERT INTO `sys_dict_data` VALUES ('6', '1', '正常', '0', 'sys_normal_disable', '', 'primary', 'Y', '0', 'admin', '2018-03-16 11:33:00', 'ry', '2018-03-16 11:33:00', '正常状态');
INSERT INTO `sys_dict_data` VALUES ('7', '2', '停用', '1', 'sys_normal_disable', '', 'danger', 'N', '0', 'admin', '2018-03-16 11:33:00', 'ry', '2018-03-16 11:33:00', '停用状态');
INSERT INTO `sys_dict_data` VALUES ('8', '1', '正常', '0', 'sys_job_status', '', 'primary', 'Y', '0', 'admin', '2018-03-16 11:33:00', 'ry', '2018-03-16 11:33:00', '正常状态');
INSERT INTO `sys_dict_data` VALUES ('9', '2', '暂停', '1', 'sys_job_status', '', 'danger', 'N', '0', 'admin', '2018-03-16 11:33:00', 'ry', '2018-03-16 11:33:00', '停用状态');
INSERT INTO `sys_dict_data` VALUES ('10', '1', '是', 'Y', 'sys_yes_no', '', 'primary', 'Y', '0', 'admin', '2018-03-16 11:33:00', 'ry', '2018-03-16 11:33:00', '系统默认是');
INSERT INTO `sys_dict_data` VALUES ('11', '2', '否', 'N', 'sys_yes_no', '', 'danger', 'N', '0', 'admin', '2018-03-16 11:33:00', 'ry', '2018-03-16 11:33:00', '系统默认否');
INSERT INTO `sys_dict_data` VALUES ('12', '1', '通知', '1', 'sys_notice_type', '', 'warning', 'Y', '0', 'admin', '2018-03-16 11:33:00', 'ry', '2018-03-16 11:33:00', '通知');
INSERT INTO `sys_dict_data` VALUES ('13', '2', '公告', '2', 'sys_notice_type', '', 'success', 'N', '0', 'admin', '2018-03-16 11:33:00', 'ry', '2018-03-16 11:33:00', '公告');
INSERT INTO `sys_dict_data` VALUES ('14', '1', '正常', '0', 'sys_notice_status', '', 'primary', 'Y', '0', 'admin', '2018-03-16 11:33:00', 'ry', '2018-03-16 11:33:00', '正常状态');
INSERT INTO `sys_dict_data` VALUES ('15', '2', '关闭', '1', 'sys_notice_status', '', 'danger', 'N', '0', 'admin', '2018-03-16 11:33:00', 'ry', '2018-03-16 11:33:00', '关闭状态');
INSERT INTO `sys_dict_data` VALUES ('16', '1', '新增', '1', 'sys_oper_type', '', 'info', 'N', '0', 'admin', '2018-03-16 11:33:00', 'ry', '2018-03-16 11:33:00', '新增操作');
INSERT INTO `sys_dict_data` VALUES ('17', '2', '修改', '2', 'sys_oper_type', '', 'info', 'N', '0', 'admin', '2018-03-16 11:33:00', 'ry', '2018-03-16 11:33:00', '修改操作');
INSERT INTO `sys_dict_data` VALUES ('18', '3', '删除', '3', 'sys_oper_type', '', 'danger', 'N', '0', 'admin', '2018-03-16 11:33:00', 'ry', '2018-03-16 11:33:00', '删除操作');
INSERT INTO `sys_dict_data` VALUES ('19', '4', '授权', '4', 'sys_oper_type', '', 'primary', 'N', '0', 'admin', '2018-03-16 11:33:00', 'ry', '2018-03-16 11:33:00', '授权操作');
INSERT INTO `sys_dict_data` VALUES ('20', '5', '导出', '5', 'sys_oper_type', '', 'warning', 'N', '0', 'admin', '2018-03-16 11:33:00', 'ry', '2018-03-16 11:33:00', '导出操作');
INSERT INTO `sys_dict_data` VALUES ('21', '6', '导入', '6', 'sys_oper_type', '', 'warning', 'N', '0', 'admin', '2018-03-16 11:33:00', 'ry', '2018-03-16 11:33:00', '导入操作');
INSERT INTO `sys_dict_data` VALUES ('22', '7', '强退', '7', 'sys_oper_type', '', 'danger', 'N', '0', 'admin', '2018-03-16 11:33:00', 'ry', '2018-03-16 11:33:00', '强退操作');
INSERT INTO `sys_dict_data` VALUES ('23', '8', '生成代码', '8', 'sys_oper_type', '', 'warning', 'N', '0', 'admin', '2018-03-16 11:33:00', 'ry', '2018-03-16 11:33:00', '生成操作');
INSERT INTO `sys_dict_data` VALUES ('24', '8', '清空数据', '9', 'sys_oper_type', '', 'danger', 'N', '0', 'admin', '2018-03-16 11:33:00', 'ry', '2018-03-16 11:33:00', '清空操作');
INSERT INTO `sys_dict_data` VALUES ('25', '1', '成功', '0', 'sys_common_status', '', 'primary', 'N', '0', 'admin', '2018-03-16 11:33:00', 'ry', '2018-03-16 11:33:00', '正常状态');
INSERT INTO `sys_dict_data` VALUES ('26', '2', '失败', '1', 'sys_common_status', '', 'danger', 'N', '0', 'admin', '2018-03-16 11:33:00', 'ry', '2018-03-16 11:33:00', '停用状态');
INSERT INTO `sys_dict_data` VALUES ('101', '1', '调试', '1', 'sys_apiconfig_environment', null, 'success', 'N', '0', 'admin', '2019-03-31 21:14:13', '', null, 'debug环境');
INSERT INTO `sys_dict_data` VALUES ('102', '2', '测试', '2', 'sys_apiconfig_environment', null, 'primary', 'N', '0', 'admin', '2019-03-31 21:14:59', '', null, '测试环境');
INSERT INTO `sys_dict_data` VALUES ('103', '3', '正式', '3', 'sys_apiconfig_environment', null, 'warning', 'Y', '0', 'admin', '2019-03-31 21:15:19', '', null, '正式环境');
INSERT INTO `sys_dict_data` VALUES ('104', '4', '维护', '4', 'sys_apiconfig_environment', null, 'danger', 'N', '0', 'admin', '2019-03-31 21:15:53', '', null, '维护环境');
INSERT INTO `sys_dict_data` VALUES ('105', '1', 'ALL', '0', 'sys_apiconfig_method', null, 'default', 'Y', '0', 'admin', '2019-03-31 21:18:29', '', null, '所有方法都使用');
INSERT INTO `sys_dict_data` VALUES ('106', '2', 'GET', '1', 'sys_apiconfig_method', null, 'primary', 'N', '0', 'admin', '2019-03-31 21:18:59', '', null, 'GET方法');
INSERT INTO `sys_dict_data` VALUES ('107', '3', 'POST', '2', 'sys_apiconfig_method', null, 'primary', 'N', '0', 'admin', '2019-03-31 21:19:23', '', null, 'POST方法');
INSERT INTO `sys_dict_data` VALUES ('108', '1', 'predicate', '1', 'sys_gatewayattr_type', '', 'default', 'N', '0', 'admin', '2019-04-03 21:37:58', 'admin', '2019-04-03 21:38:38', '网关断言');
INSERT INTO `sys_dict_data` VALUES ('109', '2', 'filter', '2', 'sys_gatewayattr_type', '', 'info', 'N', '0', 'admin', '2019-04-03 21:38:29', 'admin', '2019-04-03 21:57:12', '网关过滤器');


-- ----------------------------
-- 字典类型表
-- ----------------------------
DROP TABLE IF EXISTS `sys_dict_type`;
CREATE TABLE `sys_dict_type` (
  `dict_id` int(11) NOT NULL AUTO_INCREMENT COMMENT '字典主键',
  `dict_name` varchar(100) DEFAULT '' COMMENT '字典名称',
  `dict_type` varchar(100) DEFAULT '' COMMENT '字典类型',
  `status` char(1) DEFAULT '0' COMMENT '状态（0正常 1停用）',
  `create_by` varchar(64) DEFAULT '' COMMENT '创建者',
  `create_time` datetime DEFAULT NULL COMMENT '创建时间',
  `update_by` varchar(64) DEFAULT '' COMMENT '更新者',
  `update_time` datetime DEFAULT NULL COMMENT '更新时间',
  `remark` varchar(500) DEFAULT NULL COMMENT '备注',
  PRIMARY KEY (`dict_id`),
  UNIQUE KEY `dict_type` (`dict_type`)
) ENGINE=InnoDB AUTO_INCREMENT=103 DEFAULT CHARSET=utf8 COMMENT='字典类型表';

-- ----------------------------
-- Records of sys_dict_type
-- ----------------------------
INSERT INTO `sys_dict_type` VALUES ('1', '用户性别', 'sys_user_sex', '0', 'admin', '2018-03-16 11:33:00', 'ry', '2018-03-16 11:33:00', '用户性别列表');
INSERT INTO `sys_dict_type` VALUES ('2', '菜单状态', 'sys_show_hide', '0', 'admin', '2018-03-16 11:33:00', 'ry', '2018-03-16 11:33:00', '菜单状态列表');
INSERT INTO `sys_dict_type` VALUES ('3', '系统开关', 'sys_normal_disable', '0', 'admin', '2018-03-16 11:33:00', 'ry', '2018-03-16 11:33:00', '系统开关列表');
INSERT INTO `sys_dict_type` VALUES ('4', '任务状态', 'sys_job_status', '0', 'admin', '2018-03-16 11:33:00', 'ry', '2018-03-16 11:33:00', '任务状态列表');
INSERT INTO `sys_dict_type` VALUES ('5', '系统是否', 'sys_yes_no', '0', 'admin', '2018-03-16 11:33:00', 'ry', '2018-03-16 11:33:00', '系统是否列表');
INSERT INTO `sys_dict_type` VALUES ('6', '通知类型', 'sys_notice_type', '0', 'admin', '2018-03-16 11:33:00', 'ry', '2018-03-16 11:33:00', '通知类型列表');
INSERT INTO `sys_dict_type` VALUES ('7', '通知状态', 'sys_notice_status', '0', 'admin', '2018-03-16 11:33:00', 'ry', '2018-03-16 11:33:00', '通知状态列表');
INSERT INTO `sys_dict_type` VALUES ('8', '操作类型', 'sys_oper_type', '0', 'admin', '2018-03-16 11:33:00', 'ry', '2018-03-16 11:33:00', '操作类型列表');
INSERT INTO `sys_dict_type` VALUES ('9', '系统状态', 'sys_common_status', '0', 'admin', '2018-03-16 11:33:00', 'ry', '2018-03-16 11:33:00', '登录状态列表');
INSERT INTO `sys_dict_type` VALUES ('100', 'api配置环境', 'sys_apiconfig_environment', '0', 'admin', '2019-03-31 21:11:41', 'admin', '2019-03-31 21:17:55', 'api配置环境列表');
INSERT INTO `sys_dict_type` VALUES ('101', 'api配置请求方法', 'sys_apiconfig_method', '0', 'admin', '2019-03-31 21:17:44', '', null, 'api配置请求方法字典');
INSERT INTO `sys_dict_type` VALUES ('102', '路由属性配置类型', 'sys_gatewayattr_type', '0', 'admin', '2019-04-03 21:37:02', '', null, '路由属性配置类型 1:predicate 2:filter');


-- ----------------------------
-- 定时任务调度表
-- ----------------------------
DROP TABLE IF EXISTS `sys_job`;
CREATE TABLE `sys_job` (
  `job_id` int(11) NOT NULL AUTO_INCREMENT COMMENT '任务ID',
  `job_name` varchar(64) NOT NULL DEFAULT '' COMMENT '任务名称',
  `job_group` varchar(64) NOT NULL DEFAULT '' COMMENT '任务组名',
  `method_name` varchar(500) DEFAULT '' COMMENT '任务方法',
  `method_params` varchar(50) DEFAULT NULL COMMENT '方法参数',
  `cron_expression` varchar(255) DEFAULT '' COMMENT 'cron执行表达式',
  `misfire_policy` varchar(20) DEFAULT '3' COMMENT '计划执行错误策略（1立即执行 2执行一次 3放弃执行）',
  `concurrent` char(1) DEFAULT '1' COMMENT '是否并发执行（0允许 1禁止）',
  `status` char(1) DEFAULT '0' COMMENT '状态（0正常 1暂停）',
  `create_by` varchar(64) DEFAULT '' COMMENT '创建者',
  `create_time` datetime DEFAULT NULL COMMENT '创建时间',
  `update_by` varchar(64) DEFAULT '' COMMENT '更新者',
  `update_time` datetime DEFAULT NULL COMMENT '更新时间',
  `remark` varchar(500) DEFAULT '' COMMENT '备注信息',
  PRIMARY KEY (`job_id`,`job_name`,`job_group`)
) ENGINE=InnoDB AUTO_INCREMENT=100 DEFAULT CHARSET=utf8 COMMENT='定时任务调度表';

-- ----------------------------
-- Records of sys_job
-- ----------------------------
INSERT INTO `sys_job` VALUES ('1', 'ryTask', '系统默认（无参）', 'ryNoParams', '', '0/10 * * * * ?', '3', '1', '1', 'admin', '2018-03-16 11:33:00', 'ry', '2018-03-16 11:33:00', '');
INSERT INTO `sys_job` VALUES ('2', 'ryTask', '系统默认（有参）', 'ryParams', 'ry', '0/20 * * * * ?', '3', '1', '1', 'admin', '2018-03-16 11:33:00', 'ry', '2018-03-16 11:33:00', '');

-- ----------------------------
-- 定时任务调度日志表
-- ----------------------------
DROP TABLE IF EXISTS `sys_job_log`;
CREATE TABLE `sys_job_log` (
  `job_log_id` int(11) NOT NULL AUTO_INCREMENT COMMENT '任务日志ID',
  `job_name` varchar(64) NOT NULL COMMENT '任务名称',
  `job_group` varchar(64) NOT NULL COMMENT '任务组名',
  `method_name` varchar(500) DEFAULT NULL COMMENT '任务方法',
  `method_params` varchar(50) DEFAULT NULL COMMENT '方法参数',
  `job_message` varchar(500) DEFAULT NULL COMMENT '日志信息',
  `status` char(1) DEFAULT '0' COMMENT '执行状态（0正常 1失败）',
  `exception_info` varchar(2000) DEFAULT '' COMMENT '异常信息',
  `create_time` datetime DEFAULT NULL COMMENT '创建时间',
  PRIMARY KEY (`job_log_id`)
) ENGINE=InnoDB DEFAULT CHARSET=utf8 COMMENT='定时任务调度日志表';


-- ----------------------------
-- 系统访问记录
-- ----------------------------
DROP TABLE IF EXISTS `sys_logininfor`;
CREATE TABLE `sys_logininfor` (
  `info_id` int(11) NOT NULL AUTO_INCREMENT COMMENT '访问ID',
  `login_name` varchar(50) DEFAULT '' COMMENT '登录账号',
  `ipaddr` varchar(50) DEFAULT '' COMMENT '登录IP地址',
  `login_location` varchar(255) DEFAULT '' COMMENT '登录地点',
  `browser` varchar(50) DEFAULT '' COMMENT '浏览器类型',
  `os` varchar(50) DEFAULT '' COMMENT '操作系统',
  `status` char(1) DEFAULT '0' COMMENT '登录状态（0成功 1失败）',
  `msg` varchar(255) DEFAULT '' COMMENT '提示消息',
  `login_time` datetime DEFAULT NULL COMMENT '访问时间',
  PRIMARY KEY (`info_id`)
) ENGINE=InnoDB AUTO_INCREMENT=120 DEFAULT CHARSET=utf8 COMMENT='系统访问记录';

-- ----------------------------
-- Records of sys_logininfor
-- ----------------------------
INSERT INTO `sys_logininfor` VALUES ('100', 'admin', '127.0.0.1', '内网IP', 'Chrome', 'Windows 10', '0', '登录成功', '2019-03-23 23:00:04');
INSERT INTO `sys_logininfor` VALUES ('101', 'admin', '127.0.0.1', '内网IP', 'Chrome', 'Windows 10', '0', '登录成功', '2019-03-23 23:00:13');
INSERT INTO `sys_logininfor` VALUES ('102', 'admin', '127.0.0.1', '内网IP', 'Chrome', 'Windows 7', '1', '密码输入错误1次', '2019-03-25 10:25:13');
INSERT INTO `sys_logininfor` VALUES ('103', 'admin', '127.0.0.1', '内网IP', 'Chrome', 'Windows 7', '1', '密码输入错误2次', '2019-03-25 10:25:28');
INSERT INTO `sys_logininfor` VALUES ('104', 'admin', '127.0.0.1', '内网IP', 'Chrome', 'Windows 7', '1', '密码输入错误3次', '2019-03-25 10:25:39');
INSERT INTO `sys_logininfor` VALUES ('105', 'admin', '127.0.0.1', '内网IP', 'Chrome', 'Windows 7', '1', '验证码错误', '2019-03-25 10:27:26');
INSERT INTO `sys_logininfor` VALUES ('106', 'admin', '127.0.0.1', '内网IP', 'Chrome', 'Windows 7', '0', '登录成功', '2019-03-25 10:27:29');
INSERT INTO `sys_logininfor` VALUES ('107', 'admin', '127.0.0.1', '内网IP', 'Chrome', 'Windows 7', '0', '登录成功', '2019-03-25 18:47:13');
INSERT INTO `sys_logininfor` VALUES ('108', 'admin', '127.0.0.1', '内网IP', 'Chrome', 'Windows 7', '1', '验证码错误', '2019-03-25 20:09:35');
INSERT INTO `sys_logininfor` VALUES ('109', 'admin', '127.0.0.1', '内网IP', 'Chrome', 'Windows 7', '0', '登录成功', '2019-03-25 20:09:37');
INSERT INTO `sys_logininfor` VALUES ('110', 'admin', '127.0.0.1', '内网IP', 'Chrome', 'Windows 7', '0', '退出成功', '2019-03-25 20:29:58');
INSERT INTO `sys_logininfor` VALUES ('111', 'admin', '127.0.0.1', '内网IP', 'Chrome', 'Windows 7', '1', '验证码错误', '2019-03-25 20:30:23');
INSERT INTO `sys_logininfor` VALUES ('112', 'admin', '127.0.0.1', '内网IP', 'Chrome', 'Windows 7', '1', '验证码错误', '2019-03-25 20:30:26');
INSERT INTO `sys_logininfor` VALUES ('113', 'admin', '127.0.0.1', '内网IP', 'Chrome', 'Windows 7', '0', '登录成功', '2019-03-25 20:30:29');
INSERT INTO `sys_logininfor` VALUES ('114', 'admin', '127.0.0.1', '内网IP', 'Chrome', 'Windows 7', '0', '登录成功', '2019-03-26 09:20:03');
INSERT INTO `sys_logininfor` VALUES ('115', 'admin', '127.0.0.1', '内网IP', 'Chrome', 'Windows 10', '0', '退出成功', '2019-03-31 20:18:39');
INSERT INTO `sys_logininfor` VALUES ('116', 'admin', '127.0.0.1', '内网IP', 'Chrome', 'Windows 10', '0', '登录成功', '2019-03-31 20:18:43');
INSERT INTO `sys_logininfor` VALUES ('117', 'admin', '127.0.0.1', '内网IP', 'Chrome', 'Windows 10', '1', '验证码错误', '2019-03-31 20:30:22');
INSERT INTO `sys_logininfor` VALUES ('118', 'admin', '127.0.0.1', '内网IP', 'Chrome', 'Windows 10', '0', '登录成功', '2019-03-31 20:30:25');
INSERT INTO `sys_logininfor` VALUES ('119', 'admin', '127.0.0.1', '内网IP', 'Chrome', 'Windows 7', '0', '登录成功', '2019-04-03 14:38:29');


-- ----------------------------
-- 菜单权限表
-- ----------------------------
DROP TABLE IF EXISTS `sys_menu`;
CREATE TABLE `sys_menu` (
  `menu_id` int(11) NOT NULL AUTO_INCREMENT COMMENT '菜单ID',
  `menu_name` varchar(50) NOT NULL COMMENT '菜单名称',
  `parent_id` int(11) DEFAULT '0' COMMENT '父菜单ID',
  `order_num` int(4) DEFAULT '0' COMMENT '显示顺序',
  `url` varchar(200) DEFAULT '#' COMMENT '请求地址',
  `menu_type` char(1) DEFAULT '' COMMENT '菜单类型（M目录 C菜单 F按钮）',
  `visible` char(1) DEFAULT '0' COMMENT '菜单状态（0显示 1隐藏）',
  `perms` varchar(100) DEFAULT NULL COMMENT '权限标识',
  `icon` varchar(100) DEFAULT '#' COMMENT '菜单图标',
  `create_by` varchar(64) DEFAULT '' COMMENT '创建者',
  `create_time` datetime DEFAULT NULL COMMENT '创建时间',
  `update_by` varchar(64) DEFAULT '' COMMENT '更新者',
  `update_time` datetime DEFAULT NULL COMMENT '更新时间',
  `remark` varchar(500) DEFAULT '' COMMENT '备注',
  PRIMARY KEY (`menu_id`)
) ENGINE=InnoDB AUTO_INCREMENT=2018 DEFAULT CHARSET=utf8 COMMENT='菜单权限表';

-- ----------------------------
-- Records of sys_menu
-- ----------------------------
INSERT INTO `sys_menu` VALUES ('1', '系统管理', '0', '1', '#', 'M', '0', '', 'fa fa-gear', 'admin', '2018-03-16 11:33:00', 'ry', '2018-03-16 11:33:00', '系统管理目录');
INSERT INTO `sys_menu` VALUES ('2', '系统监控', '0', '2', '#', 'M', '1', '', 'fa fa-video-camera', 'admin', '2018-03-16 11:33:00', 'admin', '2019-03-25 20:27:54', '系统监控目录');
INSERT INTO `sys_menu` VALUES ('3', '系统工具', '0', '3', '#', 'M', '0', '', 'fa fa-bars', 'admin', '2018-03-16 11:33:00', 'admin', '2019-03-25 20:27:47', '系统工具目录');
INSERT INTO `sys_menu` VALUES ('100', '用户管理', '1', '1', '/system/user', 'C', '0', 'system:user:view', '#', 'admin', '2018-03-16 11:33:00', 'admin', '2019-03-26 09:20:46', '用户管理菜单');
INSERT INTO `sys_menu` VALUES ('101', '角色管理', '1', '2', '/system/role', 'C', '0', 'system:role:view', '#', 'admin', '2018-03-16 11:33:00', 'admin', '2019-03-26 09:22:07', '角色管理菜单');
INSERT INTO `sys_menu` VALUES ('102', '菜单管理', '1', '3', '/system/menu', 'C', '0', 'system:menu:view', '#', 'admin', '2018-03-16 11:33:00', 'ry', '2018-03-16 11:33:00', '菜单管理菜单');
INSERT INTO `sys_menu` VALUES ('103', '部门管理', '1', '4', '/system/dept', 'C', '1', 'system:dept:view', '#', 'admin', '2018-03-16 11:33:00', 'admin', '2019-03-25 20:28:40', '部门管理菜单');
INSERT INTO `sys_menu` VALUES ('104', '岗位管理', '1', '5', '/system/post', 'C', '1', 'system:post:view', '#', 'admin', '2018-03-16 11:33:00', 'admin', '2019-03-25 20:28:57', '岗位管理菜单');
INSERT INTO `sys_menu` VALUES ('105', '字典管理', '1', '6', '/system/dict', 'C', '0', 'system:dict:view', '#', 'admin', '2018-03-16 11:33:00', 'admin', '2019-03-31 21:10:27', '字典管理菜单');
INSERT INTO `sys_menu` VALUES ('106', '参数设置', '1', '7', '/system/config', 'C', '1', 'system:config:view', '#', 'admin', '2018-03-16 11:33:00', 'admin', '2019-03-25 20:29:26', '参数设置菜单');
INSERT INTO `sys_menu` VALUES ('107', '通知公告', '1', '8', '/system/notice', 'C', '1', 'system:notice:view', '#', 'admin', '2018-03-16 11:33:00', 'admin', '2019-03-25 20:29:32', '通知公告菜单');
INSERT INTO `sys_menu` VALUES ('108', '日志管理', '1', '9', '#', 'M', '1', '', '#', 'admin', '2018-03-16 11:33:00', 'admin', '2019-03-25 20:29:40', '日志管理菜单');
INSERT INTO `sys_menu` VALUES ('109', '在线用户', '2', '1', '/monitor/online', 'C', '0', 'monitor:online:view', '#', 'admin', '2018-03-16 11:33:00', 'ry', '2018-03-16 11:33:00', '在线用户菜单');
INSERT INTO `sys_menu` VALUES ('111', '数据监控', '2', '3', '/monitor/data', 'C', '0', 'monitor:data:view', '#', 'admin', '2018-03-16 11:33:00', 'ry', '2018-03-16 11:33:00', '数据监控菜单');
INSERT INTO `sys_menu` VALUES ('112', '服务监控', '2', '3', '/monitor/server', 'C', '0', 'monitor:server:view', '#', 'admin', '2018-03-16 11:33:00', 'ry', '2018-03-16 11:33:00', '服务监控菜单');
INSERT INTO `sys_menu` VALUES ('113', '表单构建', '3', '1', '/tool/build', 'C', '0', 'tool:build:view', '#', 'admin', '2018-03-16 11:33:00', 'ry', '2018-03-16 11:33:00', '表单构建菜单');
INSERT INTO `sys_menu` VALUES ('114', '代码生成', '3', '2', '/tool/gen', 'C', '0', 'tool:gen:view', '#', 'admin', '2018-03-16 11:33:00', 'ry', '2018-03-16 11:33:00', '代码生成菜单');
INSERT INTO `sys_menu` VALUES ('115', '系统接口', '3', '3', '/tool/swagger', 'C', '0', 'tool:swagger:view', '#', 'admin', '2018-03-16 11:33:00', 'ry', '2018-03-16 11:33:00', '系统接口菜单');
INSERT INTO `sys_menu` VALUES ('500', '操作日志', '108', '1', '/monitor/operlog', 'C', '0', 'monitor:operlog:view', '#', 'admin', '2018-03-16 11:33:00', 'ry', '2018-03-16 11:33:00', '操作日志菜单');
INSERT INTO `sys_menu` VALUES ('501', '登录日志', '108', '2', '/monitor/logininfor', 'C', '0', 'monitor:logininfor:view', '#', 'admin', '2018-03-16 11:33:00', 'ry', '2018-03-16 11:33:00', '登录日志菜单');
INSERT INTO `sys_menu` VALUES ('1000', '用户查询', '100', '1', '#', 'F', '0', 'system:user:list', '#', 'admin', '2018-03-16 11:33:00', 'ry', '2018-03-16 11:33:00', '');
INSERT INTO `sys_menu` VALUES ('1001', '用户新增', '100', '2', '#', 'F', '0', 'system:user:add', '#', 'admin', '2018-03-16 11:33:00', 'ry', '2018-03-16 11:33:00', '');
INSERT INTO `sys_menu` VALUES ('1002', '用户修改', '100', '3', '#', 'F', '0', 'system:user:edit', '#', 'admin', '2018-03-16 11:33:00', 'ry', '2018-03-16 11:33:00', '');
INSERT INTO `sys_menu` VALUES ('1003', '用户删除', '100', '4', '#', 'F', '0', 'system:user:remove', '#', 'admin', '2018-03-16 11:33:00', 'ry', '2018-03-16 11:33:00', '');
INSERT INTO `sys_menu` VALUES ('1004', '用户导出', '100', '5', '#', 'F', '0', 'system:user:export', '#', 'admin', '2018-03-16 11:33:00', 'ry', '2018-03-16 11:33:00', '');
INSERT INTO `sys_menu` VALUES ('1005', '用户导入', '100', '6', '#', 'F', '0', 'system:user:import', '#', 'admin', '2018-03-16 11:33:00', 'ry', '2018-03-16 11:33:00', '');
INSERT INTO `sys_menu` VALUES ('1006', '重置密码', '100', '7', '#', 'F', '0', 'system:user:resetPwd', '#', 'admin', '2018-03-16 11:33:00', 'ry', '2018-03-16 11:33:00', '');
INSERT INTO `sys_menu` VALUES ('1007', '角色查询', '101', '1', '#', 'F', '0', 'system:role:list', '#', 'admin', '2018-03-16 11:33:00', 'ry', '2018-03-16 11:33:00', '');
INSERT INTO `sys_menu` VALUES ('1008', '角色新增', '101', '2', '#', 'F', '0', 'system:role:add', '#', 'admin', '2018-03-16 11:33:00', 'ry', '2018-03-16 11:33:00', '');
INSERT INTO `sys_menu` VALUES ('1009', '角色修改', '101', '3', '#', 'F', '0', 'system:role:edit', '#', 'admin', '2018-03-16 11:33:00', 'ry', '2018-03-16 11:33:00', '');
INSERT INTO `sys_menu` VALUES ('1010', '角色删除', '101', '4', '#', 'F', '0', 'system:role:remove', '#', 'admin', '2018-03-16 11:33:00', 'ry', '2018-03-16 11:33:00', '');
INSERT INTO `sys_menu` VALUES ('1011', '角色导出', '101', '5', '#', 'F', '0', 'system:role:export', '#', 'admin', '2018-03-16 11:33:00', 'ry', '2018-03-16 11:33:00', '');
INSERT INTO `sys_menu` VALUES ('1012', '菜单查询', '102', '1', '#', 'F', '0', 'system:menu:list', '#', 'admin', '2018-03-16 11:33:00', 'ry', '2018-03-16 11:33:00', '');
INSERT INTO `sys_menu` VALUES ('1013', '菜单新增', '102', '2', '#', 'F', '0', 'system:menu:add', '#', 'admin', '2018-03-16 11:33:00', 'ry', '2018-03-16 11:33:00', '');
INSERT INTO `sys_menu` VALUES ('1014', '菜单修改', '102', '3', '#', 'F', '0', 'system:menu:edit', '#', 'admin', '2018-03-16 11:33:00', 'ry', '2018-03-16 11:33:00', '');
INSERT INTO `sys_menu` VALUES ('1015', '菜单删除', '102', '4', '#', 'F', '0', 'system:menu:remove', '#', 'admin', '2018-03-16 11:33:00', 'ry', '2018-03-16 11:33:00', '');
INSERT INTO `sys_menu` VALUES ('1016', '部门查询', '103', '1', '#', 'F', '0', 'system:dept:list', '#', 'admin', '2018-03-16 11:33:00', 'ry', '2018-03-16 11:33:00', '');
INSERT INTO `sys_menu` VALUES ('1017', '部门新增', '103', '2', '#', 'F', '0', 'system:dept:add', '#', 'admin', '2018-03-16 11:33:00', 'ry', '2018-03-16 11:33:00', '');
INSERT INTO `sys_menu` VALUES ('1018', '部门修改', '103', '3', '#', 'F', '0', 'system:dept:edit', '#', 'admin', '2018-03-16 11:33:00', 'ry', '2018-03-16 11:33:00', '');
INSERT INTO `sys_menu` VALUES ('1019', '部门删除', '103', '4', '#', 'F', '0', 'system:dept:remove', '#', 'admin', '2018-03-16 11:33:00', 'ry', '2018-03-16 11:33:00', '');
INSERT INTO `sys_menu` VALUES ('1020', '岗位查询', '104', '1', '#', 'F', '0', 'system:post:list', '#', 'admin', '2018-03-16 11:33:00', 'ry', '2018-03-16 11:33:00', '');
INSERT INTO `sys_menu` VALUES ('1021', '岗位新增', '104', '2', '#', 'F', '0', 'system:post:add', '#', 'admin', '2018-03-16 11:33:00', 'ry', '2018-03-16 11:33:00', '');
INSERT INTO `sys_menu` VALUES ('1022', '岗位修改', '104', '3', '#', 'F', '0', 'system:post:edit', '#', 'admin', '2018-03-16 11:33:00', 'ry', '2018-03-16 11:33:00', '');
INSERT INTO `sys_menu` VALUES ('1023', '岗位删除', '104', '4', '#', 'F', '0', 'system:post:remove', '#', 'admin', '2018-03-16 11:33:00', 'ry', '2018-03-16 11:33:00', '');
INSERT INTO `sys_menu` VALUES ('1024', '岗位导出', '104', '5', '#', 'F', '0', 'system:post:export', '#', 'admin', '2018-03-16 11:33:00', 'ry', '2018-03-16 11:33:00', '');
INSERT INTO `sys_menu` VALUES ('1025', '字典查询', '105', '1', '#', 'F', '0', 'system:dict:list', '#', 'admin', '2018-03-16 11:33:00', 'ry', '2018-03-16 11:33:00', '');
INSERT INTO `sys_menu` VALUES ('1026', '字典新增', '105', '2', '#', 'F', '0', 'system:dict:add', '#', 'admin', '2018-03-16 11:33:00', 'ry', '2018-03-16 11:33:00', '');
INSERT INTO `sys_menu` VALUES ('1027', '字典修改', '105', '3', '#', 'F', '0', 'system:dict:edit', '#', 'admin', '2018-03-16 11:33:00', 'ry', '2018-03-16 11:33:00', '');
INSERT INTO `sys_menu` VALUES ('1028', '字典删除', '105', '4', '#', 'F', '0', 'system:dict:remove', '#', 'admin', '2018-03-16 11:33:00', 'ry', '2018-03-16 11:33:00', '');
INSERT INTO `sys_menu` VALUES ('1029', '字典导出', '105', '5', '#', 'F', '0', 'system:dict:export', '#', 'admin', '2018-03-16 11:33:00', 'ry', '2018-03-16 11:33:00', '');
INSERT INTO `sys_menu` VALUES ('1030', '参数查询', '106', '1', '#', 'F', '0', 'system:config:list', '#', 'admin', '2018-03-16 11:33:00', 'ry', '2018-03-16 11:33:00', '');
INSERT INTO `sys_menu` VALUES ('1031', '参数新增', '106', '2', '#', 'F', '0', 'system:config:add', '#', 'admin', '2018-03-16 11:33:00', 'ry', '2018-03-16 11:33:00', '');
INSERT INTO `sys_menu` VALUES ('1032', '参数修改', '106', '3', '#', 'F', '0', 'system:config:edit', '#', 'admin', '2018-03-16 11:33:00', 'ry', '2018-03-16 11:33:00', '');
INSERT INTO `sys_menu` VALUES ('1033', '参数删除', '106', '4', '#', 'F', '0', 'system:config:remove', '#', 'admin', '2018-03-16 11:33:00', 'ry', '2018-03-16 11:33:00', '');
INSERT INTO `sys_menu` VALUES ('1034', '参数导出', '106', '5', '#', 'F', '0', 'system:config:export', '#', 'admin', '2018-03-16 11:33:00', 'ry', '2018-03-16 11:33:00', '');
INSERT INTO `sys_menu` VALUES ('1035', '公告查询', '107', '1', '#', 'F', '0', 'system:notice:list', '#', 'admin', '2018-03-16 11:33:00', 'ry', '2018-03-16 11:33:00', '');
INSERT INTO `sys_menu` VALUES ('1036', '公告新增', '107', '2', '#', 'F', '0', 'system:notice:add', '#', 'admin', '2018-03-16 11:33:00', 'ry', '2018-03-16 11:33:00', '');
INSERT INTO `sys_menu` VALUES ('1037', '公告修改', '107', '3', '#', 'F', '0', 'system:notice:edit', '#', 'admin', '2018-03-16 11:33:00', 'ry', '2018-03-16 11:33:00', '');
INSERT INTO `sys_menu` VALUES ('1038', '公告删除', '107', '4', '#', 'F', '0', 'system:notice:remove', '#', 'admin', '2018-03-16 11:33:00', 'ry', '2018-03-16 11:33:00', '');
INSERT INTO `sys_menu` VALUES ('1039', '操作查询', '500', '1', '#', 'F', '0', 'monitor:operlog:list', '#', 'admin', '2018-03-16 11:33:00', 'ry', '2018-03-16 11:33:00', '');
INSERT INTO `sys_menu` VALUES ('1040', '操作删除', '500', '2', '#', 'F', '0', 'monitor:operlog:remove', '#', 'admin', '2018-03-16 11:33:00', 'ry', '2018-03-16 11:33:00', '');
INSERT INTO `sys_menu` VALUES ('1041', '详细信息', '500', '3', '#', 'F', '0', 'monitor:operlog:detail', '#', 'admin', '2018-03-16 11:33:00', 'ry', '2018-03-16 11:33:00', '');
INSERT INTO `sys_menu` VALUES ('1042', '日志导出', '500', '4', '#', 'F', '0', 'monitor:operlog:export', '#', 'admin', '2018-03-16 11:33:00', 'ry', '2018-03-16 11:33:00', '');
INSERT INTO `sys_menu` VALUES ('1043', '登录查询', '501', '1', '#', 'F', '0', 'monitor:logininfor:list', '#', 'admin', '2018-03-16 11:33:00', 'ry', '2018-03-16 11:33:00', '');
INSERT INTO `sys_menu` VALUES ('1044', '登录删除', '501', '2', '#', 'F', '0', 'monitor:logininfor:remove', '#', 'admin', '2018-03-16 11:33:00', 'ry', '2018-03-16 11:33:00', '');
INSERT INTO `sys_menu` VALUES ('1045', '日志导出', '501', '3', '#', 'F', '0', 'monitor:logininfor:export', '#', 'admin', '2018-03-16 11:33:00', 'ry', '2018-03-16 11:33:00', '');
INSERT INTO `sys_menu` VALUES ('1046', '在线查询', '109', '1', '#', 'F', '0', 'monitor:online:list', '#', 'admin', '2018-03-16 11:33:00', 'ry', '2018-03-16 11:33:00', '');
INSERT INTO `sys_menu` VALUES ('1047', '批量强退', '109', '2', '#', 'F', '0', 'monitor:online:batchForceLogout', '#', 'admin', '2018-03-16 11:33:00', 'ry', '2018-03-16 11:33:00', '');
INSERT INTO `sys_menu` VALUES ('1048', '单条强退', '109', '3', '#', 'F', '0', 'monitor:online:forceLogout', '#', 'admin', '2018-03-16 11:33:00', 'ry', '2018-03-16 11:33:00', '');
INSERT INTO `sys_menu` VALUES ('1056', '生成查询', '114', '1', '#', 'F', '0', 'tool:gen:list', '#', 'admin', '2018-03-16 11:33:00', 'ry', '2018-03-16 11:33:00', '');
INSERT INTO `sys_menu` VALUES ('1057', '生成代码', '114', '2', '#', 'F', '0', 'tool:gen:code', '#', 'admin', '2018-03-16 11:33:00', 'ry', '2018-03-16 11:33:00', '');
INSERT INTO `sys_menu` VALUES ('2000', 'gateway配置管理', '0', '2', '#', 'M', '0', '', 'fa fa-wheelchair', 'admin', '2019-03-31 20:26:37', 'admin', '2019-04-04 14:16:47', '');
INSERT INTO `sys_menu` VALUES ('2001', 'api配置', '2000', '1', '/system/apiConfig', 'C', '0', 'system:apiConfig:view', '#', 'admin', '2018-03-01 00:00:00', 'admin', '2019-03-31 20:40:39', 'api配置菜单');
INSERT INTO `sys_menu` VALUES ('2002', 'api配置查询', '2001', '1', '#', 'F', '0', 'system:apiConfig:list', '#', 'admin', '2018-03-01 00:00:00', 'ry', '2018-03-01 00:00:00', '');
INSERT INTO `sys_menu` VALUES ('2003', 'api配置新增', '2001', '2', '#', 'F', '0', 'system:apiConfig:add', '#', 'admin', '2018-03-01 00:00:00', 'ry', '2018-03-01 00:00:00', '');
INSERT INTO `sys_menu` VALUES ('2004', 'api配置修改', '2001', '3', '#', 'F', '0', 'system:apiConfig:edit', '#', 'admin', '2018-03-01 00:00:00', 'ry', '2018-03-01 00:00:00', '');
INSERT INTO `sys_menu` VALUES ('2005', 'api配置删除', '2001', '4', '#', 'F', '0', 'system:apiConfig:remove', '#', 'admin', '2018-03-01 00:00:00', 'ry', '2018-03-01 00:00:00', '');
INSERT INTO `sys_menu` VALUES ('2006', 'route配置', '2000', '1', '/system/gatewayConfig', 'C', '0', 'system:gatewayConfig:view', '#', 'admin', '2018-03-01 00:00:00', 'admin', '2019-04-04 14:17:10', '网关路由配置菜单');
INSERT INTO `sys_menu` VALUES ('2007', '网关路由配置查询', '2006', '1', '#', 'F', '0', 'system:gatewayConfig:list', '#', 'admin', '2018-03-01 00:00:00', 'ry', '2018-03-01 00:00:00', '');
INSERT INTO `sys_menu` VALUES ('2008', '网关路由配置新增', '2006', '2', '#', 'F', '0', 'system:gatewayConfig:add', '#', 'admin', '2018-03-01 00:00:00', 'ry', '2018-03-01 00:00:00', '');
INSERT INTO `sys_menu` VALUES ('2009', '网关路由配置修改', '2006', '3', '#', 'F', '0', 'system:gatewayConfig:edit', '#', 'admin', '2018-03-01 00:00:00', 'ry', '2018-03-01 00:00:00', '');
INSERT INTO `sys_menu` VALUES ('2010', '网关路由配置删除', '2006', '4', '#', 'F', '0', 'system:gatewayConfig:remove', '#', 'admin', '2018-03-01 00:00:00', 'ry', '2018-03-01 00:00:00', '');
INSERT INTO `sys_menu` VALUES ('2011', 'route属性配置(predicate和filter)', '2000', '1', '/system/gatewayAttrConfig', 'C', '0', 'system:gatewayAttrConfig:view', '#', 'admin', '2018-03-01 00:00:00', 'admin', '2019-04-04 14:17:33', '网关属性配置菜单');
INSERT INTO `sys_menu` VALUES ('2012', '网关属性配置查询', '2011', '1', '#', 'F', '0', 'system:gatewayAttrConfig:list', '#', 'admin', '2018-03-01 00:00:00', 'ry', '2018-03-01 00:00:00', '');
INSERT INTO `sys_menu` VALUES ('2013', '网关属性配置新增', '2011', '2', '#', 'F', '0', 'system:gatewayAttrConfig:add', '#', 'admin', '2018-03-01 00:00:00', 'ry', '2018-03-01 00:00:00', '');
INSERT INTO `sys_menu` VALUES ('2014', '网关属性配置修改', '2011', '3', '#', 'F', '0', 'system:gatewayAttrConfig:edit', '#', 'admin', '2018-03-01 00:00:00', 'ry', '2018-03-01 00:00:00', '');
INSERT INTO `sys_menu` VALUES ('2015', '网关属性配置删除', '2011', '4', '#', 'F', '0', 'system:gatewayAttrConfig:remove', '#', 'admin', '2018-03-01 00:00:00', 'ry', '2018-03-01 00:00:00', '');
INSERT INTO `sys_menu` VALUES ('2016', '网关路由配置刷新', '2006', '5', '#', 'F', '0', 'system:gatewayConfig:refresh', '#', 'admin', '2019-04-04 17:03:57', '', null, '');
INSERT INTO `sys_menu` VALUES ('2017', 'api配置刷新', '2001', '5', '#', 'F', '0', 'system:apiConfig:refresh', '#', 'admin', '2019-04-04 17:59:32', '', null, '');


-- ----------------------------
-- 通知公告表
-- ----------------------------
DROP TABLE IF EXISTS `sys_notice`;
CREATE TABLE `sys_notice` (
  `notice_id` int(4) NOT NULL AUTO_INCREMENT COMMENT '公告ID',
  `notice_title` varchar(50) NOT NULL COMMENT '公告标题',
  `notice_type` char(1) NOT NULL COMMENT '公告类型（1通知 2公告）',
  `notice_content` varchar(2000) DEFAULT NULL COMMENT '公告内容',
  `status` char(1) DEFAULT '0' COMMENT '公告状态（0正常 1关闭）',
  `create_by` varchar(64) DEFAULT '' COMMENT '创建者',
  `create_time` datetime DEFAULT NULL COMMENT '创建时间',
  `update_by` varchar(64) DEFAULT '' COMMENT '更新者',
  `update_time` datetime DEFAULT NULL COMMENT '更新时间',
  `remark` varchar(255) DEFAULT NULL COMMENT '备注',
  PRIMARY KEY (`notice_id`)
) ENGINE=InnoDB AUTO_INCREMENT=10 DEFAULT CHARSET=utf8 COMMENT='通知公告表';

-- ----------------------------
-- Records of sys_notice
-- ----------------------------
INSERT INTO `sys_notice` VALUES ('1', '温馨提醒：2018-07-01 若依新版本发布啦', '2', '新版本内容', '0', 'admin', '2018-03-16 11:33:00', 'ry', '2018-03-16 11:33:00', '管理员');
INSERT INTO `sys_notice` VALUES ('2', '维护通知：2018-07-01 若依系统凌晨维护', '1', '维护内容', '0', 'admin', '2018-03-16 11:33:00', 'ry', '2018-03-16 11:33:00', '管理员');

-- ----------------------------
-- 操作日志记录
-- ----------------------------
DROP TABLE IF EXISTS `sys_oper_log`;
CREATE TABLE `sys_oper_log` (
  `oper_id` int(11) NOT NULL AUTO_INCREMENT COMMENT '日志主键',
  `title` varchar(50) DEFAULT '' COMMENT '模块标题',
  `business_type` int(2) DEFAULT '0' COMMENT '业务类型（0其它 1新增 2修改 3删除）',
  `method` varchar(100) DEFAULT '' COMMENT '方法名称',
  `operator_type` int(1) DEFAULT '0' COMMENT '操作类别（0其它 1后台用户 2手机端用户）',
  `oper_name` varchar(50) DEFAULT '' COMMENT '操作人员',
  `dept_name` varchar(50) DEFAULT '' COMMENT '部门名称',
  `oper_url` varchar(255) DEFAULT '' COMMENT '请求URL',
  `oper_ip` varchar(50) DEFAULT '' COMMENT '主机地址',
  `oper_location` varchar(255) DEFAULT '' COMMENT '操作地点',
  `oper_param` varchar(2000) DEFAULT '' COMMENT '请求参数',
  `status` int(1) DEFAULT '0' COMMENT '操作状态（0正常 1异常）',
  `error_msg` varchar(2000) DEFAULT '' COMMENT '错误消息',
  `oper_time` datetime DEFAULT NULL COMMENT '操作时间',
  PRIMARY KEY (`oper_id`)
) ENGINE=InnoDB AUTO_INCREMENT=313 DEFAULT CHARSET=utf8 COMMENT='操作日志记录';


-- ----------------------------
-- 岗位信息表
-- ----------------------------
DROP TABLE IF EXISTS `sys_post`;
CREATE TABLE `sys_post` (
  `post_id` int(11) NOT NULL AUTO_INCREMENT COMMENT '岗位ID',
  `post_code` varchar(64) NOT NULL COMMENT '岗位编码',
  `post_name` varchar(50) NOT NULL COMMENT '岗位名称',
  `post_sort` int(4) NOT NULL COMMENT '显示顺序',
  `status` char(1) NOT NULL COMMENT '状态（0正常 1停用）',
  `create_by` varchar(64) DEFAULT '' COMMENT '创建者',
  `create_time` datetime DEFAULT NULL COMMENT '创建时间',
  `update_by` varchar(64) DEFAULT '' COMMENT '更新者',
  `update_time` datetime DEFAULT NULL COMMENT '更新时间',
  `remark` varchar(500) DEFAULT NULL COMMENT '备注',
  PRIMARY KEY (`post_id`)
) ENGINE=InnoDB AUTO_INCREMENT=5 DEFAULT CHARSET=utf8 COMMENT='岗位信息表';

-- ----------------------------
-- Records of sys_post
-- ----------------------------
INSERT INTO `sys_post` VALUES ('1', 'ceo', '董事长', '1', '0', 'admin', '2018-03-16 11:33:00', 'ry', '2018-03-16 11:33:00', '');
INSERT INTO `sys_post` VALUES ('2', 'se', '项目经理', '2', '0', 'admin', '2018-03-16 11:33:00', 'ry', '2018-03-16 11:33:00', '');
INSERT INTO `sys_post` VALUES ('3', 'hr', '人力资源', '3', '0', 'admin', '2018-03-16 11:33:00', 'ry', '2018-03-16 11:33:00', '');
INSERT INTO `sys_post` VALUES ('4', 'user', '普通员工', '4', '0', 'admin', '2018-03-16 11:33:00', 'ry', '2018-03-16 11:33:00', '');


-- ----------------------------
-- 角色信息表
-- ----------------------------
DROP TABLE IF EXISTS `sys_role`;
CREATE TABLE `sys_role` (
  `role_id` int(11) NOT NULL AUTO_INCREMENT COMMENT '角色ID',
  `role_name` varchar(30) NOT NULL COMMENT '角色名称',
  `role_key` varchar(100) NOT NULL COMMENT '角色权限字符串',
  `role_sort` int(4) NOT NULL COMMENT '显示顺序',
  `data_scope` char(1) DEFAULT '1' COMMENT '数据范围（1：全部数据权限 2：自定数据权限）',
  `status` char(1) NOT NULL COMMENT '角色状态（0正常 1停用）',
  `del_flag` char(1) DEFAULT '0' COMMENT '删除标志（0代表存在 2代表删除）',
  `create_by` varchar(64) DEFAULT '' COMMENT '创建者',
  `create_time` datetime DEFAULT NULL COMMENT '创建时间',
  `update_by` varchar(64) DEFAULT '' COMMENT '更新者',
  `update_time` datetime DEFAULT NULL COMMENT '更新时间',
  `remark` varchar(500) DEFAULT NULL COMMENT '备注',
  PRIMARY KEY (`role_id`)
) ENGINE=InnoDB AUTO_INCREMENT=100 DEFAULT CHARSET=utf8 COMMENT='角色信息表';

-- ----------------------------
-- Records of sys_role
-- ----------------------------
INSERT INTO `sys_role` VALUES ('1', '管理员', 'admin', '1', '1', '0', '0', 'admin', '2018-03-16 11:33:00', 'admin', '2019-03-31 20:18:34', '管理员');
INSERT INTO `sys_role` VALUES ('2', '普通角色', 'common', '2', '2', '0', '0', 'admin', '2018-03-16 11:33:00', 'admin', '2019-03-23 23:16:11', '普通角色');


-- ----------------------------
-- 角色和部门关联表
-- ----------------------------
DROP TABLE IF EXISTS `sys_role_dept`;
CREATE TABLE `sys_role_dept` (
  `role_id` int(11) NOT NULL COMMENT '角色ID',
  `dept_id` int(11) NOT NULL COMMENT '部门ID',
  PRIMARY KEY (`role_id`,`dept_id`)
) ENGINE=InnoDB DEFAULT CHARSET=utf8 COMMENT='角色和部门关联表';

-- ----------------------------
-- Records of sys_role_dept
-- ----------------------------
INSERT INTO `sys_role_dept` VALUES ('2', '100');
INSERT INTO `sys_role_dept` VALUES ('2', '101');
INSERT INTO `sys_role_dept` VALUES ('2', '105');

-- ----------------------------
-- 角色和菜单关联表
-- ----------------------------
DROP TABLE IF EXISTS `sys_role_menu`;
CREATE TABLE `sys_role_menu` (
  `role_id` int(11) NOT NULL COMMENT '角色ID',
  `menu_id` int(11) NOT NULL COMMENT '菜单ID',
  PRIMARY KEY (`role_id`,`menu_id`)
) ENGINE=InnoDB DEFAULT CHARSET=utf8 COMMENT='角色和菜单关联表';

-- ----------------------------
-- Records of sys_role_menu
-- ----------------------------
INSERT INTO `sys_role_menu` VALUES ('1', '1');
INSERT INTO `sys_role_menu` VALUES ('1', '3');
INSERT INTO `sys_role_menu` VALUES ('1', '100');
INSERT INTO `sys_role_menu` VALUES ('1', '101');
INSERT INTO `sys_role_menu` VALUES ('1', '102');
INSERT INTO `sys_role_menu` VALUES ('1', '103');
INSERT INTO `sys_role_menu` VALUES ('1', '104');
INSERT INTO `sys_role_menu` VALUES ('1', '105');
INSERT INTO `sys_role_menu` VALUES ('1', '106');
INSERT INTO `sys_role_menu` VALUES ('1', '107');
INSERT INTO `sys_role_menu` VALUES ('1', '108');
INSERT INTO `sys_role_menu` VALUES ('1', '113');
INSERT INTO `sys_role_menu` VALUES ('1', '114');
INSERT INTO `sys_role_menu` VALUES ('1', '115');
INSERT INTO `sys_role_menu` VALUES ('1', '500');
INSERT INTO `sys_role_menu` VALUES ('1', '501');
INSERT INTO `sys_role_menu` VALUES ('1', '1000');
INSERT INTO `sys_role_menu` VALUES ('1', '1001');
INSERT INTO `sys_role_menu` VALUES ('1', '1002');
INSERT INTO `sys_role_menu` VALUES ('1', '1003');
INSERT INTO `sys_role_menu` VALUES ('1', '1004');
INSERT INTO `sys_role_menu` VALUES ('1', '1005');
INSERT INTO `sys_role_menu` VALUES ('1', '1006');
INSERT INTO `sys_role_menu` VALUES ('1', '1007');
INSERT INTO `sys_role_menu` VALUES ('1', '1008');
INSERT INTO `sys_role_menu` VALUES ('1', '1009');
INSERT INTO `sys_role_menu` VALUES ('1', '1010');
INSERT INTO `sys_role_menu` VALUES ('1', '1011');
INSERT INTO `sys_role_menu` VALUES ('1', '1012');
INSERT INTO `sys_role_menu` VALUES ('1', '1013');
INSERT INTO `sys_role_menu` VALUES ('1', '1014');
INSERT INTO `sys_role_menu` VALUES ('1', '1015');
INSERT INTO `sys_role_menu` VALUES ('1', '1016');
INSERT INTO `sys_role_menu` VALUES ('1', '1017');
INSERT INTO `sys_role_menu` VALUES ('1', '1018');
INSERT INTO `sys_role_menu` VALUES ('1', '1019');
INSERT INTO `sys_role_menu` VALUES ('1', '1020');
INSERT INTO `sys_role_menu` VALUES ('1', '1021');
INSERT INTO `sys_role_menu` VALUES ('1', '1022');
INSERT INTO `sys_role_menu` VALUES ('1', '1023');
INSERT INTO `sys_role_menu` VALUES ('1', '1024');
INSERT INTO `sys_role_menu` VALUES ('1', '1025');
INSERT INTO `sys_role_menu` VALUES ('1', '1026');
INSERT INTO `sys_role_menu` VALUES ('1', '1027');
INSERT INTO `sys_role_menu` VALUES ('1', '1028');
INSERT INTO `sys_role_menu` VALUES ('1', '1029');
INSERT INTO `sys_role_menu` VALUES ('1', '1030');
INSERT INTO `sys_role_menu` VALUES ('1', '1031');
INSERT INTO `sys_role_menu` VALUES ('1', '1032');
INSERT INTO `sys_role_menu` VALUES ('1', '1033');
INSERT INTO `sys_role_menu` VALUES ('1', '1034');
INSERT INTO `sys_role_menu` VALUES ('1', '1035');
INSERT INTO `sys_role_menu` VALUES ('1', '1036');
INSERT INTO `sys_role_menu` VALUES ('1', '1037');
INSERT INTO `sys_role_menu` VALUES ('1', '1038');
INSERT INTO `sys_role_menu` VALUES ('1', '1039');
INSERT INTO `sys_role_menu` VALUES ('1', '1040');
INSERT INTO `sys_role_menu` VALUES ('1', '1041');
INSERT INTO `sys_role_menu` VALUES ('1', '1042');
INSERT INTO `sys_role_menu` VALUES ('1', '1043');
INSERT INTO `sys_role_menu` VALUES ('1', '1044');
INSERT INTO `sys_role_menu` VALUES ('1', '1045');
INSERT INTO `sys_role_menu` VALUES ('1', '1056');
INSERT INTO `sys_role_menu` VALUES ('1', '1057');
INSERT INTO `sys_role_menu` VALUES ('2', '1');
INSERT INTO `sys_role_menu` VALUES ('2', '2');
INSERT INTO `sys_role_menu` VALUES ('2', '3');
INSERT INTO `sys_role_menu` VALUES ('2', '100');
INSERT INTO `sys_role_menu` VALUES ('2', '101');
INSERT INTO `sys_role_menu` VALUES ('2', '102');
INSERT INTO `sys_role_menu` VALUES ('2', '103');
INSERT INTO `sys_role_menu` VALUES ('2', '104');
INSERT INTO `sys_role_menu` VALUES ('2', '105');
INSERT INTO `sys_role_menu` VALUES ('2', '106');
INSERT INTO `sys_role_menu` VALUES ('2', '107');
INSERT INTO `sys_role_menu` VALUES ('2', '108');
INSERT INTO `sys_role_menu` VALUES ('2', '109');
INSERT INTO `sys_role_menu` VALUES ('2', '111');
INSERT INTO `sys_role_menu` VALUES ('2', '112');
INSERT INTO `sys_role_menu` VALUES ('2', '113');
INSERT INTO `sys_role_menu` VALUES ('2', '114');
INSERT INTO `sys_role_menu` VALUES ('2', '115');
INSERT INTO `sys_role_menu` VALUES ('2', '500');
INSERT INTO `sys_role_menu` VALUES ('2', '501');
INSERT INTO `sys_role_menu` VALUES ('2', '1000');
INSERT INTO `sys_role_menu` VALUES ('2', '1001');
INSERT INTO `sys_role_menu` VALUES ('2', '1002');
INSERT INTO `sys_role_menu` VALUES ('2', '1003');
INSERT INTO `sys_role_menu` VALUES ('2', '1004');
INSERT INTO `sys_role_menu` VALUES ('2', '1005');
INSERT INTO `sys_role_menu` VALUES ('2', '1006');
INSERT INTO `sys_role_menu` VALUES ('2', '1007');
INSERT INTO `sys_role_menu` VALUES ('2', '1008');
INSERT INTO `sys_role_menu` VALUES ('2', '1009');
INSERT INTO `sys_role_menu` VALUES ('2', '1010');
INSERT INTO `sys_role_menu` VALUES ('2', '1011');
INSERT INTO `sys_role_menu` VALUES ('2', '1012');
INSERT INTO `sys_role_menu` VALUES ('2', '1013');
INSERT INTO `sys_role_menu` VALUES ('2', '1014');
INSERT INTO `sys_role_menu` VALUES ('2', '1015');
INSERT INTO `sys_role_menu` VALUES ('2', '1016');
INSERT INTO `sys_role_menu` VALUES ('2', '1017');
INSERT INTO `sys_role_menu` VALUES ('2', '1018');
INSERT INTO `sys_role_menu` VALUES ('2', '1019');
INSERT INTO `sys_role_menu` VALUES ('2', '1020');
INSERT INTO `sys_role_menu` VALUES ('2', '1021');
INSERT INTO `sys_role_menu` VALUES ('2', '1022');
INSERT INTO `sys_role_menu` VALUES ('2', '1023');
INSERT INTO `sys_role_menu` VALUES ('2', '1024');
INSERT INTO `sys_role_menu` VALUES ('2', '1025');
INSERT INTO `sys_role_menu` VALUES ('2', '1026');
INSERT INTO `sys_role_menu` VALUES ('2', '1027');
INSERT INTO `sys_role_menu` VALUES ('2', '1028');
INSERT INTO `sys_role_menu` VALUES ('2', '1029');
INSERT INTO `sys_role_menu` VALUES ('2', '1030');
INSERT INTO `sys_role_menu` VALUES ('2', '1031');
INSERT INTO `sys_role_menu` VALUES ('2', '1032');
INSERT INTO `sys_role_menu` VALUES ('2', '1033');
INSERT INTO `sys_role_menu` VALUES ('2', '1034');
INSERT INTO `sys_role_menu` VALUES ('2', '1035');
INSERT INTO `sys_role_menu` VALUES ('2', '1036');
INSERT INTO `sys_role_menu` VALUES ('2', '1037');
INSERT INTO `sys_role_menu` VALUES ('2', '1038');
INSERT INTO `sys_role_menu` VALUES ('2', '1039');
INSERT INTO `sys_role_menu` VALUES ('2', '1040');
INSERT INTO `sys_role_menu` VALUES ('2', '1041');
INSERT INTO `sys_role_menu` VALUES ('2', '1042');
INSERT INTO `sys_role_menu` VALUES ('2', '1043');
INSERT INTO `sys_role_menu` VALUES ('2', '1044');
INSERT INTO `sys_role_menu` VALUES ('2', '1045');
INSERT INTO `sys_role_menu` VALUES ('2', '1046');
INSERT INTO `sys_role_menu` VALUES ('2', '1047');
INSERT INTO `sys_role_menu` VALUES ('2', '1048');
INSERT INTO `sys_role_menu` VALUES ('2', '1056');
INSERT INTO `sys_role_menu` VALUES ('2', '1057');


-- ----------------------------
-- 用户信息表
-- ----------------------------
DROP TABLE IF EXISTS `sys_user`;
CREATE TABLE `sys_user` (
  `user_id` int(11) NOT NULL AUTO_INCREMENT COMMENT '用户ID',
  `dept_id` int(11) DEFAULT NULL COMMENT '部门ID',
  `login_name` varchar(30) NOT NULL COMMENT '登录账号',
  `user_name` varchar(30) NOT NULL COMMENT '用户昵称',
  `user_type` varchar(2) DEFAULT '00' COMMENT '用户类型（00系统用户）',
  `email` varchar(50) DEFAULT '' COMMENT '用户邮箱',
  `phonenumber` varchar(11) DEFAULT '' COMMENT '手机号码',
  `sex` char(1) DEFAULT '0' COMMENT '用户性别（0男 1女 2未知）',
  `avatar` varchar(100) DEFAULT '' COMMENT '头像路径',
  `password` varchar(50) DEFAULT '' COMMENT '密码',
  `salt` varchar(20) DEFAULT '' COMMENT '盐加密',
  `status` char(1) DEFAULT '0' COMMENT '帐号状态（0正常 1停用）',
  `del_flag` char(1) DEFAULT '0' COMMENT '删除标志（0代表存在 2代表删除）',
  `login_ip` varchar(50) DEFAULT '' COMMENT '最后登陆IP',
  `login_date` datetime DEFAULT NULL COMMENT '最后登陆时间',
  `create_by` varchar(64) DEFAULT '' COMMENT '创建者',
  `create_time` datetime DEFAULT NULL COMMENT '创建时间',
  `update_by` varchar(64) DEFAULT '' COMMENT '更新者',
  `update_time` datetime DEFAULT NULL COMMENT '更新时间',
  `remark` varchar(500) DEFAULT '' COMMENT '备注',
  PRIMARY KEY (`user_id`)
) ENGINE=InnoDB AUTO_INCREMENT=100 DEFAULT CHARSET=utf8 COMMENT='用户信息表';

-- ----------------------------
-- Records of sys_user
-- ----------------------------
INSERT INTO `sys_user` VALUES ('1', '103', 'admin', '神秘管理员', '00', 'ry@163.com', '16888888888', '0', '', '29c67a30398638269fe600f73a054934', '111111', '0', '0', '127.0.0.1', '2019-04-03 14:38:26', 'admin', '2018-03-16 11:33:00', 'ry', '2019-04-03 14:38:29', '管理员');
INSERT INTO `sys_user` VALUES ('2', '105', 'ry', '若依', '00', 'ry@qq.com', '15666666666', '0', '', '8e6d98b90472783cc73c17047ddccf36', '222222', '0', '0', '127.0.0.1', '2018-03-16 11:33:00', 'admin', '2018-03-16 11:33:00', 'admin', '2019-04-04 18:10:36', '测试员');


-- ----------------------------
-- 在线用户记录
-- ----------------------------
DROP TABLE IF EXISTS `sys_user_online`;
CREATE TABLE `sys_user_online` (
  `sessionId` varchar(50) NOT NULL DEFAULT '' COMMENT '用户会话id',
  `login_name` varchar(50) DEFAULT '' COMMENT '登录账号',
  `dept_name` varchar(50) DEFAULT '' COMMENT '部门名称',
  `ipaddr` varchar(50) DEFAULT '' COMMENT '登录IP地址',
  `login_location` varchar(255) DEFAULT '' COMMENT '登录地点',
  `browser` varchar(50) DEFAULT '' COMMENT '浏览器类型',
  `os` varchar(50) DEFAULT '' COMMENT '操作系统',
  `status` varchar(10) DEFAULT '' COMMENT '在线状态on_line在线off_line离线',
  `start_timestamp` datetime DEFAULT NULL COMMENT 'session创建时间',
  `last_access_time` datetime DEFAULT NULL COMMENT 'session最后访问时间',
  `expire_time` int(5) DEFAULT '0' COMMENT '超时时间，单位为分钟',
  PRIMARY KEY (`sessionId`)
) ENGINE=InnoDB DEFAULT CHARSET=utf8 COMMENT='在线用户记录';

-- ----------------------------
-- Records of sys_user_online
-- ----------------------------
INSERT INTO `sys_user_online` VALUES ('e0ac5dd6-438c-4101-b5d5-e07ef76e7584', 'admin', '研发部门', '127.0.0.1', '内网IP', 'Chrome', 'Windows 10', 'on_line', '2019-04-05 21:17:22', '2019-04-05 21:23:21', '1800000');


-- ----------------------------
-- 用户与岗位关联表
-- ----------------------------
DROP TABLE IF EXISTS `sys_user_post`;
CREATE TABLE `sys_user_post` (
  `user_id` int(11) NOT NULL COMMENT '用户ID',
  `post_id` int(11) NOT NULL COMMENT '岗位ID',
  PRIMARY KEY (`user_id`,`post_id`)
) ENGINE=InnoDB DEFAULT CHARSET=utf8 COMMENT='用户与岗位关联表';

-- ----------------------------
-- Records of sys_user_post
-- ----------------------------
INSERT INTO `sys_user_post` VALUES ('1', '1');
INSERT INTO `sys_user_post` VALUES ('2', '4');


-- ----------------------------
-- 用户和角色关联表
-- ----------------------------
DROP TABLE IF EXISTS `sys_user_role`;
CREATE TABLE `sys_user_role` (
  `user_id` int(11) NOT NULL COMMENT '用户ID',
  `role_id` int(11) NOT NULL COMMENT '角色ID',
  PRIMARY KEY (`user_id`,`role_id`)
) ENGINE=InnoDB DEFAULT CHARSET=utf8 COMMENT='用户和角色关联表';

-- ----------------------------
-- Records of sys_user_role
-- ----------------------------
INSERT INTO `sys_user_role` VALUES ('1', '1');
INSERT INTO `sys_user_role` VALUES ('2', '2');


-- ----------------------------
-- api配置表
-- ----------------------------
DROP TABLE IF EXISTS `t_api_config`;
CREATE TABLE `t_api_config` (
  `id` int(10) NOT NULL AUTO_INCREMENT COMMENT 'id',
  `service_id` varchar(10) DEFAULT NULL COMMENT '对应路由id',
  `environment` smallint(1) NOT NULL DEFAULT '3' COMMENT '环境 1:debug 2:测试 3:正式 4:维护',
  `method_type` smallint(1) DEFAULT '0' COMMENT '请求方法,0:ALL 1:GET 2:POST ',
  `title` varchar(20) DEFAULT NULL COMMENT '标题',
  `desc` varchar(50) DEFAULT NULL COMMENT '接口描述',
  `validate_params` varchar(200) DEFAULT NULL COMMENT '需要校验的字段(只能校验非null),ex:["a","b"]',
  `auth_type` smallint(2) DEFAULT '1' COMMENT '权限配置 0：不需要权限 1：需要',
  `pattern_url` varchar(50) NOT NULL COMMENT '接口地址',
  `replenish_rate` int(5) unsigned NOT NULL DEFAULT '5' COMMENT '并发量',
  `burst_capacity` int(5) unsigned NOT NULL DEFAULT '10' COMMENT '并发容量',
  `state` smallint(1) DEFAULT '1' COMMENT '是否启用 1：启 0：停',
  `create_time` datetime DEFAULT CURRENT_TIMESTAMP,
  `update_time` datetime DEFAULT CURRENT_TIMESTAMP,
  `extra` varchar(100) DEFAULT NULL COMMENT '额外参数(json格式)',
  PRIMARY KEY (`id`),
  UNIQUE KEY `pattern_url` (`pattern_url`) USING BTREE
) ENGINE=InnoDB AUTO_INCREMENT=7 DEFAULT CHARSET=utf8 COMMENT='api配置表';

-- ----------------------------
-- Records of t_api_config
-- ----------------------------
INSERT INTO `t_api_config` VALUES ('1', 'msg-center', '4', '1', '测试一下', '测试接口', '[\"sss\",\"aaa\"]', '1', '/msg/test2', '2', '2', '1', '2019-03-26 17:48:49', '2019-03-26 17:48:49', null);
INSERT INTO `t_api_config` VALUES ('3', 'msg-center', '3', '0', '测试2', '测试2', null, '1', '/msg/test', '5', '5', '1', '2019-04-03 15:39:25', '2019-04-03 15:39:25', null);
INSERT INTO `t_api_config` VALUES ('5', 'msg-center', '4', '1', '测试3', '测试3', null, '0', '/msg/test3', '5', '5', '1', '2019-04-03 16:11:09', '2019-04-03 16:11:09', null);


-- ----------------------------
-- 网关路由配置表
-- ----------------------------
DROP TABLE IF EXISTS `t_gateway_config`;
CREATE TABLE `t_gateway_config` (
  `service_id` varchar(20) NOT NULL COMMENT '路由唯一id',
  `url` varchar(100) NOT NULL COMMENT '路由url',
  `suffix_path` varchar(20) DEFAULT NULL COMMENT '路由后缀Path，紧跟url',
  `create_time` datetime DEFAULT CURRENT_TIMESTAMP,
  `update_time` datetime DEFAULT CURRENT_TIMESTAMP,
  `state` smallint(1) DEFAULT '1' COMMENT '状态 1：启 0：停',
  PRIMARY KEY (`service_id`)
) ENGINE=InnoDB DEFAULT CHARSET=utf8 COMMENT='网关路由配置表';

-- ----------------------------
-- Records of t_gateway_config
-- ----------------------------
INSERT INTO `t_gateway_config` VALUES ('msg-center', 'http://localhost:8890', '', '2019-03-26 17:38:18', '2019-03-26 17:38:20', '1');


/*
Navicat MySQL Data Transfer

Source Server         : baiduyun
Source Server Version : 50623
Source Host           : 106.12.14.187:3306
Source Database       : gateway

Target Server Type    : MYSQL
Target Server Version : 50623
File Encoding         : 65001

Date: 2019-04-05 21:42:44
*/

SET FOREIGN_KEY_CHECKS=0;

-- ----------------------------
-- 网关属性配置表（predicate,filter配置）
-- ----------------------------
DROP TABLE IF EXISTS `t_gateway_attr_config`;
CREATE TABLE `t_gateway_attr_config` (
  `id` int(11) NOT NULL AUTO_INCREMENT,
  `service_id` varchar(20) NOT NULL COMMENT '对应t_gateway_config的service_id',
  `type` smallint(1) NOT NULL COMMENT '配置类型 1：predicate 2：filter',
  `attr_name` varchar(30) NOT NULL COMMENT '属性类名称，参考spring cloud gateway 文档',
  `attr_args` varchar(200) NOT NULL COMMENT '属性附属参数 参考spring cloud gateway文档，json格式',
  `desc` varchar(30) DEFAULT NULL,
  `sort` int(5) DEFAULT NULL COMMENT '排序',
  `create_time` datetime DEFAULT CURRENT_TIMESTAMP,
  `update_time` datetime DEFAULT CURRENT_TIMESTAMP,
  `state` smallint(1) DEFAULT '1' COMMENT '状态 1：启 0：停',
  PRIMARY KEY (`id`),
  UNIQUE KEY `service_id` (`service_id`,`type`,`attr_name`) USING BTREE
) ENGINE=InnoDB AUTO_INCREMENT=12 DEFAULT CHARSET=utf8 COMMENT='网关属性配置表（predicate,filter配置）';

-- ----------------------------
-- Records of t_gateway_attr_config
-- ----------------------------
INSERT INTO `t_gateway_attr_config` VALUES ('1', 'msg-center', '1', 'Path', '{\"pattern\":\"/msg-center/**\"}', '请求路径predicate', '1', '2019-03-26 17:42:09', '2019-03-26 17:42:09', '1');
INSERT INTO `t_gateway_attr_config` VALUES ('2', 'msg-center', '1', 'ReadBody', '', '读取请求体predicate', '2', '2019-03-26 17:42:34', '2019-03-26 17:42:34', '1');
INSERT INTO `t_gateway_attr_config` VALUES ('4', 'msg-center', '2', 'StripPrefix', '{\"parts\":\"1\"}', null, '1', '2019-03-27 17:23:35', '2019-03-27 17:23:35', '1');
INSERT INTO `t_gateway_attr_config` VALUES ('5', 'msg-center', '2', 'RateCheck', '{\"keyResolverName\":\"remoteIpKeyResolver\",\"rate-limiter.limitLevel\":\"2\",\"rate-limiter.replenishRate\":\"1\",\"rate-limiter.burstCapacity\":\"1\"}', '限流filter', '2', '2019-03-28 17:31:07', '2019-03-28 17:31:07', '1');
INSERT INTO `t_gateway_attr_config` VALUES ('6', 'msg-center', '2', 'Hystrix', '{\"name\":\"fallbackcmd\",\"fallbackUri\":\"forward:/defaultfallback\"}', '熔断过滤器', '0', '2019-03-28 17:52:21', '2019-03-28 17:52:21', '1');
INSERT INTO `t_gateway_attr_config` VALUES ('7', 'msg-center', '2', 'GrayTag', '{\"tagKey\":\"version\"}', '灰度发布', '3', '2019-04-02 20:10:14', '2019-04-02 20:10:14', '0');
INSERT INTO `t_gateway_attr_config` VALUES ('8', 'msg-center', '1', 'ApiConfigCached', '{\"stripParts\":\"1\"}', 'api配置缓存predicate', '3', '2019-03-26 17:46:17', '2019-03-26 17:46:17', '1');
INSERT INTO `t_gateway_attr_config` VALUES ('9', 'msg-center', '2', 'RemoveRequestHeader', '{“name”:\"Origin\"}', null, '4', '2019-04-04 14:37:05', '2019-04-04 14:37:05', '0');
INSERT INTO `t_gateway_attr_config` VALUES ('11', 'msg-center', '2', 'AuthVerify', '{}', '权限校验filter', '5', '2019-04-05 21:19:34', '2019-04-05 21:19:34', '1');





